mobile,link
Samsung Galaxy A8+ (Black, 6GB RAM, 64GB Storage) with Offers,https://www.amazon.in/Samsung-Galaxy-Black-Storage-Offers/dp/B0756ZBZ5P/ref=sr_1_1/260-7227173-7267445?s=electronics&rps=1&ie=UTF8&qid=1541231649&sr=1-1&refinements=p_98%3A10440597031%2Cp_36%3A1500000-99999999%2Cp_89%3ASamsung
Samsung Galaxy Note 8 (Midnight Black, 6GB RAM, 64GB Storage) with Offers,https://www.amazon.in/Samsung-Galaxy-Midnight-Storage-Offers/dp/B071HWTHBF/ref=sr_1_2/260-7227173-7267445?s=electronics&rps=1&ie=UTF8&qid=1541231649&sr=1-2&refinements=p_98%3A10440597031%2Cp_36%3A1500000-99999999%2Cp_89%3ASamsung
Samsung Galaxy J8 (Black, 4GB RAM, 64GB Storage) with Offers,https://www.amazon.in/Samsung-Galaxy-J8-Storage-Offers/dp/B07FH4PDHJ/ref=sr_1_3/260-7227173-7267445?s=electronics&rps=1&ie=UTF8&qid=1541231649&sr=1-3&refinements=p_98%3A10440597031%2Cp_36%3A1500000-99999999%2Cp_89%3ASamsung
Samsung Galaxy A8+ (Gold, 6GB RAM, 64GB Storage) with Offers,https://www.amazon.in/Samsung-Galaxy-Gold-Storage-Offers/dp/B0756Z2XKH/ref=sr_1_4/260-7227173-7267445?s=electronics&rps=1&ie=UTF8&qid=1541231649&sr=1-4&refinements=p_98%3A10440597031%2Cp_36%3A1500000-99999999%2Cp_89%3ASamsung
Samsung Galaxy J8 (Blue, 4GB RAM, 64GB Storage) with Offers,https://www.amazon.in/Samsung-Galaxy-J8-Storage-Offers/dp/B07DZZKBBL/ref=sr_1_5/260-7227173-7267445?s=electronics&rps=1&ie=UTF8&qid=1541231649&sr=1-5&refinements=p_98%3A10440597031%2Cp_36%3A1500000-99999999%2Cp_89%3ASamsung
Samsung Galaxy A8 Star (Black, 6GB RAM, 64GB Storage),https://www.amazon.in/Samsung-Galaxy-Star-Black-Storage/dp/B0728C6FJ9/ref=sr_1_6/260-7227173-7267445?s=electronics&rps=1&ie=UTF8&qid=1541231649&sr=1-6&refinements=p_98%3A10440597031%2Cp_36%3A1500000-99999999%2Cp_89%3ASamsung
Samsung Galaxy A6 Plus (Blue, 4GB RAM, 64GB Storage) with Offers,https://www.amazon.in/Samsung-Galaxy-A6-Plus-Storage/dp/B07D3HRF4K/ref=sr_1_7/260-7227173-7267445?s=electronics&rps=1&ie=UTF8&qid=1541231649&sr=1-7&refinements=p_98%3A10440597031%2Cp_36%3A1500000-99999999%2Cp_89%3ASamsung
Samsung Galaxy J8 (Gold, 4GB RAM, 64GB Storage) with Offers,https://www.amazon.in/Samsung-Galaxy-J8-Storage-Offers/dp/B07F1232ZL/ref=sr_1_8/260-7227173-7267445?s=electronics&rps=1&ie=UTF8&qid=1541231649&sr=1-8&refinements=p_98%3A10440597031%2Cp_36%3A1500000-99999999%2Cp_89%3ASamsung
Samsung Galaxy A6 Plus (Black, 4GB RAM, 64GB Storage) with Offers,https://www.amazon.in/Samsung-Galaxy-A6-Plus-Storage/dp/B07D3L7STV/ref=sr_1_9/260-7227173-7267445?s=electronics&rps=1&ie=UTF8&qid=1541231649&sr=1-9&refinements=p_98%3A10440597031%2Cp_36%3A1500000-99999999%2Cp_89%3ASamsung
Samsung Galaxy Note 9 (Ocean Blue, 6GB RAM, 128GB Storage) with Offers,https://www.amazon.in/Samsung-Galaxy-Note-Storage-Offers/dp/B07G8C2SG5/ref=sr_1_10/260-7227173-7267445?s=electronics&rps=1&ie=UTF8&qid=1541231649&sr=1-10&refinements=p_98%3A10440597031%2Cp_36%3A1500000-99999999%2Cp_89%3ASamsung
Samsung Galaxy S9 Plus (Coral Blue, 6GB RAM, 64GB Storage) with Offers,https://www.amazon.in/Samsung-Galaxy-Coral-Storage-Offers/dp/B07CS5BFY9/ref=sr_1_11/260-7227173-7267445?s=electronics&rps=1&ie=UTF8&qid=1541231649&sr=1-11&refinements=p_98%3A10440597031%2Cp_36%3A1500000-99999999%2Cp_89%3ASamsung
Samsung Galaxy S9 Plus (Midnight Black, 6GB RAM, 64GB Storage) with Offer,https://www.amazon.in/Samsung-Galaxy-Midnight-Black-Storage/dp/B07JMTYMN1/ref=sr_1_12/260-7227173-7267445?s=electronics&rps=1&ie=UTF8&qid=1541231649&sr=1-12&refinements=p_98%3A10440597031%2Cp_36%3A1500000-99999999%2Cp_89%3ASamsung
Samsung Galaxy A6 (Black, 4GB RAM, 64GB Storage) with Offers,https://www.amazon.in/Samsung-Galaxy-A6-Storage-Offers/dp/B07DRG2BJN/ref=sr_1_13/260-7227173-7267445?s=electronics&rps=1&ie=UTF8&qid=1541231649&sr=1-13&refinements=p_98%3A10440597031%2Cp_36%3A1500000-99999999%2Cp_89%3ASamsung
Samsung Galaxy S9+ (Burgundy Red, 6GB RAM, 64GB Storage),https://www.amazon.in/Samsung-Galaxy-Burgundy-64GB-Storage/dp/B07J5B663F/ref=sr_1_14/260-7227173-7267445?s=electronics&rps=1&ie=UTF8&qid=1541231649&sr=1-14&refinements=p_98%3A10440597031%2Cp_36%3A1500000-99999999%2Cp_89%3ASamsung
Samsung Galaxy Note 9 (Midnight Black, 6GB RAM, 128GB Storage) with Offers,https://www.amazon.in/Samsung-Galaxy-Note-Midnight-Storage/dp/B07G8BNVDB/ref=sr_1_15/260-7227173-7267445?s=electronics&rps=1&ie=UTF8&qid=1541231649&sr=1-15&refinements=p_98%3A10440597031%2Cp_36%3A1500000-99999999%2Cp_89%3ASamsung
Samsung Galaxy S9 Plus (Midnight Black, 6GB RAM, 256GB Storage) with Offers,https://www.amazon.in/Samsung-Galaxy-Midnight-Storage-Offers/dp/B07CVN7NTX/ref=sr_1_16/260-7227173-7267445?s=electronics&rps=1&ie=UTF8&qid=1541231649&sr=1-16&refinements=p_98%3A10440597031%2Cp_36%3A1500000-99999999%2Cp_89%3ASamsung
Samsung Galaxy A8 Star (White, 6GB RAM, 64GB Storage),https://www.amazon.in/Samsung-Galaxy-Star-White-Storage/dp/B071LHJWF1/ref=sr_1_17/260-7227173-7267445?s=electronics&rps=1&ie=UTF8&qid=1541231649&sr=1-17&refinements=p_98%3A10440597031%2Cp_36%3A1500000-99999999%2Cp_89%3ASamsung
Samsung Galaxy A6 (Blue, 64GB) with Offers,https://www.amazon.in/Samsung-Galaxy-A6-Blue-Offers/dp/B07DRMCSQV/ref=sr_1_18/260-7227173-7267445?s=electronics&rps=1&ie=UTF8&qid=1541231649&sr=1-18&refinements=p_98%3A10440597031%2Cp_36%3A1500000-99999999%2Cp_89%3ASamsung
Samsung Galaxy A6 Plus (Gold, 4GB RAM, 64GB Storage) with Offers,https://www.amazon.in/Samsung-Galaxy-A6-Plus-Storage/dp/B07D3KMSMY/ref=sr_1_19/260-7227173-7267445?s=electronics&rps=1&ie=UTF8&qid=1541231649&sr=1-19&refinements=p_98%3A10440597031%2Cp_36%3A1500000-99999999%2Cp_89%3ASamsung
Samsung Galaxy A6 (Gold, 64GB) with Offers,https://www.amazon.in/Samsung-Galaxy-A6-Gold-Offers/dp/B07DRJG9DM/ref=sr_1_20/260-7227173-7267445?s=electronics&rps=1&ie=UTF8&qid=1541231649&sr=1-20&refinements=p_98%3A10440597031%2Cp_36%3A1500000-99999999%2Cp_89%3ASamsung
Samsung Galaxy Note 9 (Metallic Copper, 6GB RAM, 128GB Storage) with Offers,https://www.amazon.in/Samsung-Galaxy-Note-Metallic-Storage/dp/B07G7WVMXD/ref=sr_1_21/260-7227173-7267445?s=electronics&rps=1&ie=UTF8&qid=1541231649&sr=1-21&refinements=p_98%3A10440597031%2Cp_36%3A1500000-99999999%2Cp_89%3ASamsung
Samsung Galaxy S8 Plus (Orchid Gray, 64 GB) (4 GB RAM),https://www.amazon.in/Samsung-Galaxy-Plus-Orchid-Gray/dp/B071KWH8CV/ref=sr_1_22/260-7227173-7267445?s=electronics&rps=1&ie=UTF8&qid=1541231649&sr=1-22&refinements=p_98%3A10440597031%2Cp_36%3A1500000-99999999%2Cp_89%3ASamsung
Samsung Galaxy Note 9 SM-N960FZPDINS (Lavendar Purple, 128GB),https://www.amazon.in/Samsung-Galaxy-SM-N960FZPDINS-Lavendar-Purple/dp/B07JVNLJMZ/ref=sr_1_23/260-7227173-7267445?s=electronics&rps=1&ie=UTF8&qid=1541231649&sr=1-23&refinements=p_98%3A10440597031%2Cp_36%3A1500000-99999999%2Cp_89%3ASamsung
Samsung Galaxy Note 9 (Ocean Blue, 8GB RAM, 512GB Storage) with Offers,https://www.amazon.in/Samsung-Galaxy-Note-Storage-Offers/dp/B07G864QZ9/ref=sr_1_24/260-7227173-7267445?s=electronics&rps=1&ie=UTF8&qid=1541231649&sr=1-24&refinements=p_98%3A10440597031%2Cp_36%3A1500000-99999999%2Cp_89%3ASamsung
